ACFT_ID;Op Type;Flap_ID;B;C;D;R
737;A;D-25;;;0.452885;0.113106
737;A;D-30;;;0.442783;0.124898
737;A;D-40;;;0.432682;0.155057
737;A;U-15;;;;0.088617
737;A;U-25;;;;0.097687
737;D;10;0.010935;0.457438;;0.093192
737;D;25;0.010293;0.436124;;0.109993
737;D;5;0.011593;0.475473;;0.085235
737;D;INT;;;;0.074770
737;D;ZERO;;;;0.064300
