ACFT_ID;Thrust Rating;E;F;Ga;Gb;H;K1;K2;K3;K4
737;General;-14095.4;-4.78;0.000000;0;0;16666.2;-1490.420;;
737;MaxClimb;12740.1;-7.94;-0.026623;-4.2762E-7;0;;;;
737;MaxTakeoff;13847.9;-8.63;-0.028939;-4.648E-7;0;;;;
